,Month,Plate,Strip Number,Tube Number,,,Sample Location,iNaturalist Number,Validated By,Seq. Status,URL,Submitted By,Identification,Identification Per FDA Label,Binomial,Name of Product,Brand,First Pass ID,Manufacturer/Distributor,Country of Origin,1-tier administrative district,Barcode,Lot/Batch,Preservation Method,Product Type,Fungal Only/Mostly,Multiple species?,Homogenized?,Comments,GenBank#
2024,03,2,23,8,H,11,2024_23_8,202232219,Garrett,Successful,https://www.inaturalist.org/observations/202232219,hills47448,Agaricus bisporus,Organic Dried Champignon Mushrooms,Not Provided,Mushroom Medley,FungusAmongUs,Agaricus,FungusAmongUs,Multiple Given,Not Provided,Unknown,Unknown,Dried,Food,Y,Y,N,"China, Serbia, South America, and USA",PV501041
2024,03,1,11,2,B,11,2024_11_2,200470717,Andrew,Failed,https://www.inaturalist.org/observations/200470717,aldendirks,,Mushroom,Not Provided,Mushroom,Herbal Doctor,Agaricus,"Murray International Trading Co, Inc.",Not Provided,Not Provided,767533208913,Unknown,Dried,Food,Y,N,N,,
2024,03,1,11,1,A,11,2024_11_1,200481591,Andrew,Failed,https://www.inaturalist.org/observations/200481591,aldendirks,,Indian Bread,Not Provided,Indian Bread,East Dragon,Wolfiporia,Rong Shing Trading Company NY Inc,Not Provided,Not Provided,489705579316,Unknown,Dried,Medicinal/Tea,Y,N,N,,
2024,03,2,13,2,B,01,2024_13_2,201931864,Jessica,Failed,https://www.inaturalist.org/observations/201931864,verpahh,,Organic Reishi Fruiting Body and Mycelia,Not Provided,Reishi,Lucky's Market,Ganoderma,Unknown,Unknown,Not Provided,Unknown,Unknown,Dried,Medicinal/Tea,Y,N,Y,,
2024,03,2,16,2,B,04,2024_16_2,201933645,Kevin,Failed,https://www.inaturalist.org/observations/201933645,verpahh,,Turkey Tail,Not Provided,Turkey Tail,Lucky's Market,Trametes,Lucky's Market,Unknown,Not Provided,Unknown,Unknown,Dried,Medicinal/Tea,Y,N,Y,,
2024,03,2,16,1,A,04,2024_16_1,201934347,Kevin,Failed,https://www.inaturalist.org/observations/201934347,verpahh,,Cordyceps,Not Provided,Cordyceps,Lucky's Market,Cordyceps,Lucky's Market,Unknown,Not Provided,Unknown,Unknown,Dried,Medicinal/Tea,Y,N,Y,,
2024,03,3,27,8,H,03,2024_27_8,202559443,Jessica,Successful,https://www.inaturalist.org/observations/202559443,lothlin,Agaricus bisporus,Portobello,Not Provided,Mushroom Medley,Melissa's,Agaricus,"World Variety Produce, Inc.",France,Not Provided,045255152098,Unknown,Dried,Food,Y,Y,N,,PV501057
2024,03,2,15,7,G,03,2024_15_7,201938393,Kevin,Failed,https://www.inaturalist.org/observations/201938393,verpahh,,Chaga,Not Provided,Chaga,Lucky's Market,Inonotus,Lucky's Market,Unknown,Not Provided,Unknown,Unknown,Dried,Medicinal/Tea,Y,N,Y,,
2024,03,2,15,6,F,03,2024_15_6,201939062,Kevin,Failed,https://www.inaturalist.org/observations/201939062,verpahh,,"Dried Truffle, Truffle",Not Provided,Black Truffle Sea Salt,Lucky's Market,Tuber,Lucky's Market,Unknown,Not Provided,Unknown,Unknown,Dried,Food,N,N,Y,,
2024,03,1,11,7,G,11,2024_11_7,201952827,John Plischke,Failed,https://www.inaturalist.org/observations/201952827,dawnwehman,,Slippery Jack Mushrooms,Not Provided,Pickled Spicy Mix Mushrooms,Forest Treasures,Suillus,PHZ KASOL J.A. Kazberuk,Not Provided,Not Provided,5905643071392,359/23,Canned/Pickled/Brined,Food,Y,Y,N,,
2024,03,C,C2,1,,,03_C2_1,201953292,Garrett,Failed,https://www.inaturalist.org/observations/201953292,dawnwehman,,Yellow Chanterelle Mushroom,Cantharellus cibarius,Pickled Spicy Mix Mushrooms,Forest Treasures,Cantharellus,PHZ KASOL J.A. Kazberuk,Not Provided,Not Provided,5905643071392,359/23,Canned/Pickled/Brined,Food,Y,Y,N,,
2024,03,1,11,6,F,11,2024_11_6,201953731,John Plischke,Failed,https://www.inaturalist.org/observations/201953731,dawnwehman,,Boletus edulis,Boletus edulis,Pickled Spicy Mix Mushrooms,Forest Treasures,Bolete,PHZ KASOL J.A. Kazberuk,Not Provided,Not Provided,5905643071392,359/23,Canned/Pickled/Brined,Food,Y,Y,N,,
2024,03,1,07,8,H,07,2024_07_8,202127509,John Plischke,Successful,https://www.inaturalist.org/observations/202127509,johnplischke,Cyclocybe chaxingu,Dried Mushroom,Agrocybe aegerita,Dried Mushroom,Shan Nan Hai Bei,Cyclocybe,"Chengdu Yueyuehon Industry Co. Ltd., Splendid World Corp",China,Not Provided,6926249306342,GB/T 37749,Dried,Food,Y,N,N,,PV501019
2024,03,1,12,1,A,12,2024_12_1,201961912,John Plischke,Failed,https://www.inaturalist.org/observations/201961912,dawnwehman,,Porchini Mushrooms,Not Provided,Mixed Wild Mushrooms,Roland,Bolete,"Roland Foods, LLC",Multiple Given,Not Provided,041224448506,Unknown,Dried,Food,Y,Y,N,"China, Bulgaria, Montenagro, Serbia, Russia, Hungary, Macedonia, Chile, Peru",
2024,03,1,12,2,B,12,2024_12_2,201962023,John Plischke,Failed,https://www.inaturalist.org/observations/201962023,dawnwehman,,Oyster Mushrooms,Not Provided,Mixed Wild Mushrooms,Roland,Pleurotus,"Roland Foods, LLC",Multiple Given,Not Provided,041224448506,Unknown,Dried,Food,Y,Y,N,"China, Bulgaria, Montenagro, Serbia, Russia, Hungary, Macedonia, Chile, Peru",
2024,03,2,13,1,A,01,2024_13_1,201962299,John Plischke,Failed,https://www.inaturalist.org/observations/201962299,dawnwehman,,Black Fungus,Not Provided,Mixed Wild Mushrooms,Roland,Auricularia,"Roland Foods, LLC",Multiple Given,Not Provided,041224448506,Unknown,Dried,Food,Y,Y,N,"China, Bulgaria, Montenagro, Serbia, Russia, Hungary, Macedonia, Chile, Peru",
2024,03,1,12,3,C,12,2024_12_3,201964373,John Plischke,Failed,https://www.inaturalist.org/observations/201964373,dawnwehman,,Dried Black Fungus,Auricularia auricula,Dried Black Fungus,Japan Oata,Auricularia,Japan Oata,China,Not Provided,891350001416,Unknown,Dried,Food,Y,N,N,,
2024,03,1,12,4,D,12,2024_12_4,201967164,John Plischke,Failed,https://www.inaturalist.org/observations/201967164,dawnwehman,,Dried Msuhroom,Agrocybe aegerita,Dried Mushroom,Japan Oata,Cyclocybe,Japan Oata,China,Not Provided,6937218915830,Unknown,Dried,Food,Y,N,N,,
2024,03,1,12,6,F,12,2024_12_6,201970411,John Plischke,Failed,https://www.inaturalist.org/observations/201970411,dawnwehman,,Dried Fungus,Not Provided,White Jade Fungus,Wise Wife,Auricularia,"SLR Food Distribution, Inc., USA",China,Not Provided,Unknown,Unknown,Dried,Food,Y,N,N,,
2024,03,1,09,8,H,09,2024_09_8,202132726,John Plischke,Successful,https://www.inaturalist.org/observations/202132726,kimberly58,Cyclocybe chaxingu,Dehydrated Mushroom,Not Provided,Dehydrated Mushroom,Unknown,Agaric,"Blooming Import Inc., Taishan City Daxin Food Co., Ltd",China,Not Provided,734765031466,Unknown,Dried,Food,Y,N,N,Duplicate of 202132309?,
2024,03,2,23,2,B,11,2024_23_2,201971333,Garrett,Failed,https://www.inaturalist.org/observations/201971333,hills47448,,Dried Porchini,Not Provided,Mushroom Medley,FungusAmongUs,Bolete,FungusAmongUs,Multiple Given,Not Provided,719870600165,Unknown,Dried,Food,Y,Y,N,"China, Serbia, South America, and USA",
2024,03,2,23,3,C,11,2024_23_3,201971393,Garrett,Failed,https://www.inaturalist.org/observations/201971393,hills47448,,Dried Porchini,Not Provided,Mushroom Medley,FungusAmongUs,Bolete,FungusAmongUs,Multiple Given,Not Provided,719870600165,Unknown,Dried,Food,Y,Y,N,"China, Serbia, South America, and USA",
2024,03,2,23,4,D,11,2024_23_4,201971415,Garrett,Failed,https://www.inaturalist.org/observations/201971415,hills47448,,Dried Porchini,Not Provided,Mushroom Medley,FungusAmongUs,Bolete,FungusAmongUs,Multiple Given,Not Provided,719870600165,Unknown,Dried,Food,Y,Y,N,"China, Serbia, South America, and USA",
2024,03,1,06,6,F,06,2024_06_6,202103708,Kurt,Successful,https://www.inaturalist.org/observations/202103708,johnplischke,Auricularia cornea,Dried Fungus,Not Provided,Dried Fungus,"SLR Food Distribution Inc., USA",Auricularia,"SLR Food Distribution, Inc., USA",China,Not Provided,688474306547,B1Y20L01,Dried,Food,Y,N,N,,PV501024
2024,03,2,24,1,A,12,2024_24_1,201972810,Garrett,Failed,https://www.inaturalist.org/observations/201972810,hills47448,,Ganoderma lucidum (Mycelium),Ganoderma lucidum,Reishi Mushrooms,Pure Supplements Co,Ganoderma,Pure Supplements Co,Not Provided,Not Provided,X002QSANWF,95687,Dried,Medicinal/Tea,Y,N,Y,,
2024,03,2,24,2,B,12,2024_24_2,201972826,Garrett,Failed,https://www.inaturalist.org/observations/201972826,hills47448,,Organic Reishi Fruiting Body and Mycelia,Not Provided,Reishi Mushroom,"Peak Performance Life, LCC",Ganoderma,Peak Performance Life LLC,USA,Not Provided,X0034ALDJV,Unknown,Dried,Medicinal/Tea,Y,N,Y,,
2024,03,2,24,3,C,12,2024_24_3,201972851,Garrett,Failed,https://www.inaturalist.org/observations/201972851,hills47448,,"Maitake Mushroom, Reishi Mushrooms, Shiitake Mushroom","Blend of Grifola frondosa, Ganoderma lucidum, Lentinus edodes",Full Spectrum Triple Mushroom Complex,Swanson,"Blend - Grifola, Ganoderma, Lentinula",Swanson,Not Provided,Not Provided,0876114113869,B 256791,Dried,Medicinal/Tea,Y,Y,Y,,
2024,03,2,24,4,D,12,2024_24_4,201972860,Garrett,Failed,https://www.inaturalist.org/observations/201972860,hills47448,,Reishi Mushroom,Ganoderma lucidum,Reishi Mushroom,Wise Shrooms,Ganoderma,Carlyle Nutritionals LLC,Not Provided,Not Provided,X003XAM369,Unknown,Dried,Medicinal/Tea,Y,N,Y,,
2024,03,2,24,5,E,12,2024_24_5,201972890,Garrett,Failed,https://www.inaturalist.org/observations/201972890,hills47448,,"Wild Raw Chaga Mushroom Powder, Wild Black Siberian Chaga Powder",Not Provided,ChagaMax,North American Herb & Spice,Inonotus,North American Herb & Spice,Not Provided,Not Provided,635824006084,Unknown,Dried,Medicinal/Tea,Y,N,Y,,
2024,03,1,12,8,H,12,2024_12_8,201972957,John Plischke,Failed,https://www.inaturalist.org/observations/201972957,dawnwehman,,Dried Yunnan Russula Mushroom,Not Provided,Yunnan Russula Mushroom,Nong Xiang,Russula,"SLR Food Distribution, Inc., USA",China,Not Provided,0688474309777,Unknown,Dried,Food,Y,N,N,,
2024,03,1,12,5,E,12,2024_12_5,201975756,Joshua Birkebak,Failed,https://www.inaturalist.org/observations/201975756,dawnwehman,,Tremella,Not Provided,Tremella,Grove Grow Notes,Tremella,Lam Sheng Kee (HK) International Limited,Not Provided,Not Provided,6949682812041,Unknown,Dried,Food,Y,N,N,,
2024,03,1,02,2,B,02,2024_02_2,202842713,April,Successful,https://www.inaturalist.org/observations/202842713,Birkebak,Auricularia cornea,Black Fungus,Not Provided,Dried Black Fungus (Strip),Super Brand,Auricularia,IHA Beverage,China,Not Provided,610232013459,U59,Dried,Food,Y,N,N,,PV501014
2024,03,2,15,4,D,03,2024_15_4,201987530,Kevin,Failed,https://www.inaturalist.org/observations/201987530,verpahh,,Unknown,Unknown,Dried Fungus,Unknown,Auricularia,Unknown,Unknown,Not Provided,Unknown,Unknown,Dried,Food,Y,N,N,,
2024,03,3,26,6,F,02,2024_26_6,202557374,Jessica,Successful,https://www.inaturalist.org/observations/202557374,lothlin,Auricularia heimeur,Black Mushroom,Not Provided,Dried Black Mushroom,Unknown,Auricularia,"Rhee Bros. Inc., Korean Farm, Inc.",Korea,Not Provided,8804005000070,Unknown,Dried,Food,Y,N,N,,PV501026
2024,03,2,19,8,H,07,2024_19_8,201988607,Kevin,Successful,https://www.inaturalist.org/observations/201988607,kev317,Auricularia heimuer,"Dried Jew's Ear, Kikurage",Not Provided,Dried Mushroom (Kikurage),Unknown,Auricularia,Ikko International Trading,China,Not Provided,4902524200415,24.9.4,Dried,Food,Y,N,N,,PV501020
2024,03,2,14,8,H,02,2024_14_8,201993409,Kevin,Successful,https://www.inaturalist.org/observations/201993409,verpahh,Auricularia heimuer,Unknown,Unknown,Woodear,Unknown,Auricularia,Unknown,Unknown,Not Provided,Unknown,Unknown,Dried,Food,Y,N,N,,PV501031
2024,03,2,15,5,E,03,2024_15_5,201988186,Kevin,Failed,https://www.inaturalist.org/observations/201988186,verpahh,,Phallus indusiatus,Phallus indusiatus,Bamboo Mushrooms,Unknown,Phallus,"Henan Longrun Agricultural Technology Co, Ltd.",China,Not Provided,Unknown,Unknown,Dried,Food,Y,N,N,,
2024,03,2,19,4,D,07,2024_19_4,201997516,Kevin,Successful,https://www.inaturalist.org/observations/201997516,kev317,Auricularia heimuer,Black Fungus,Not Provided,Black Fungus,Ontrue,Auricularia,Profusion Foods Inc.,China,Not Provided,610563223084,Unknown,Dried,Food,Y,N,N,,PV501035
2024,03,2,19,5,E,07,2024_19_5,201988458,Kevin,Failed,https://www.inaturalist.org/observations/201988458,kev317,,King Trumpet Mushroom,Not Provided,King Trumpet Mushroom,Hokto,Pleurotus,Hokto Kinoko Company,USA,Not Provided,898626002146,Unknown,Fresh,Food,Y,N,N,,
2024,03,1,01,8,H,01,2024_01_8,202841135,Scott,Successful,https://www.inaturalist.org/observations/202841135,Birkebak,Auricularia heimuer,Black Fungus,Not Provided,Black Fungus,City Aroma,Auricularia,Fujian Blue Lake Foods,China,Not Provided,6922163601532,UF30,Dried,Food,Y,N,N,"Compressed into little bricks. Also ""Northeast""",PV501003
2024,03,2,13,6,F,01,2024_13_6,201988916,Jessica,Failed,https://www.inaturalist.org/observations/201988916,verpahh,,Black Oyster Mushrooms,Not Provided,Black Oyster Mushrooms,Enviro Specialty Mushrooms,Pleurotus,Enviro Specialty Mushrooms,Canada,Not Provided,914888009075,Unknown,Fresh,Food,Y,N,N,,
2024,03,2,20,6,F,08,2024_20_6,201989086,Kevin,Failed,https://www.inaturalist.org/observations/201989086,kev317,,Wood Ear Mushrooms,Not Provided,Wood Eat Mushrooms,Concord Farms,Auricularia,Concord Farms,China,Not Provided,049995050065,Unknown,Fresh,Food,Y,N,N,,
2024,03,2,20,3,C,08,2024_20_3,201989219,Kevin,Failed,https://www.inaturalist.org/observations/201989219,kev317,,Mini King Oyster Mushtroom,Not Provided,Mini King Oyster Mushtroom,QooSine,Pleurotus,Unknown,Korea,Not Provided,Unknown,Unknown,Fresh,Food,Y,N,N,,
2024,03,2,14,1,A,02,2024_14_1,201989343,Jessica,Failed,https://www.inaturalist.org/observations/201989343,verpahh,,Unknown,Unknown,Enoki Mushroom,Unknown,Flammulina,Unknown,Unknown,Not Provided,Unknown,Unknown,Fresh,Food,Y,N,N,,
2024,03,2,21,6,F,09,2024_21_6,201989408,Kevin,Failed,https://www.inaturalist.org/observations/201989408,kev317,,Bunapi Mushroom,Not Provided,Bunapi Mushroom,Hokto,Hypsizygus,Hokto Kinoko Company,USA,California,Unknown,NA,Fresh,Food,Y,N,N,,
2024,03,3,27,7,G,03,2024_27_7,202560801,Jessica,Successful,https://www.inaturalist.org/observations/202560801,lothlin,Boletus aereus,Porcini Mushrooms,Not Provided,Dried Porchini Mushrooms,Melissa's,Bolete,"World Variety Produce, Inc.",France,Not Provided,045255116762,Unknown,Dried,Food,Y,N,N,,PV501001
2024,03,2,20,5,E,08,2024_20_5,201995658,Kevin,Successful,https://www.inaturalist.org/observations/201995658,kev317,Boletus bainiugan,Boletus,Boletus,Boletus,Lesne Skarby,Bolete,Monolith Baltic SIA,EU,Not Provided,5905643057556,Unknown,Dried,Food,Y,N,N,,PV501032
2024,03,1,11,8,H,11,2024_11_8,201961671,John Plischke,Successful,https://www.inaturalist.org/observations/201961671,dawnwehman,Boletus bainiugan,Yellow Boletes,Not Provided,Mixed Wild Mushrooms,Roland,Bolete,"Roland Foods, LLC",Multiple Given,Not Provided,041224448506,Unknown,Dried,Food,Y,Y,N,"China, Bulgaria, Montenagro, Serbia, Russia, Hungary, Macedonia, Chile, Peru",PV501050
2024,03,1,07,7,G,07,2024_07_7,202125222,John Plischke,Successful,https://www.inaturalist.org/observations/202125222,johnplischke,Boletus bainiugan,Porcini,Not Provided,Mixed Edible Fungus for Stewing Soup,Ha Vista,Bolete,Northern Food I/E Inc.,China,Not Provided,754351198212,Unknown,Dried,Food,Y,Y,N,,PV501066
2024,03,2,13,3,C,01,2024_13_3,201990571,Jessica,Failed,https://www.inaturalist.org/observations/201990571,verpahh,,Not Applicable,Not Provided,King Oyster Mushroom,Not Applicable,Pleurotus,Not Applicable,Unknown,Not Provided,200659504854,Unknown,Fresh,Food,Y,N,N,,
2024,03,2,21,1,A,09,2024_21_1,201990655,Kevin,Failed,https://www.inaturalist.org/observations/201990655,kev317,,Enoki Mushrooms,Not Provided,Enoki Mushrooms,Unknown,Flammulina,Unknown,Taiwan,Not Provided,4711430630106,Unknown,Fresh,Food,Y,N,N,,
2024,03,2,15,2,B,03,2024_15_2,201991316,Kevin,Failed,https://www.inaturalist.org/observations/201991316,verpahh,,Unknown,Unknown,Dried Fungus,Unknown,Agaricus,"SLR Food Distribution, Inc., USA",Unknown,Not Provided,Unknown,Unknown,Dried,Food,Y,N,N,,
2024,03,2,15,1,A,03,2024_15_1,201992476,Kevin,Failed,https://www.inaturalist.org/observations/201992476,verpahh,,Cyclocybe aegerita,Cyclocybe aegerita,"Chashugu, Tea Tree Mushroom",Unknown,Cyclocybe,"Sichuan Province Qingchuan County Chanzhen Industry Co., Ltd.",China,Not Provided,Unknown,Unknown,Dried,Food,Y,N,N,,
2024,03,1,10,3,C,10,2024_10_3,202131857,John Plischke,Successful,https://www.inaturalist.org/observations/202131857,kimberly58,Boletus bainiugan,Hongos de Pino,Suillus luteus,Hongos Secos de Pino,Mama Miche,Suillus,Mama Miche,Ecuador,Not Provided,7861000216388,Unknown,Dried,Food,Y,N,N,,PV501027
2024,03,2,14,2,B,02,2024_14_2,201994331,Kevin,Failed,https://www.inaturalist.org/observations/201994331,verpahh,,Unknown,Unknown,Nameko Mushrooms (Whole) in Water,Unknown,Pholiota,Unknown,Unknown,Not Provided,Unknown,Unknown,Canned/Pickled/Brined,Food,Y,N,N,,
2024,03,2,13,7,G,01,2024_13_7,201994762,Jessica,Failed,https://www.inaturalist.org/observations/201994762,verpahh,,Unknown,Unknown,Straw Mushroom,Asian Taste,Volvariella,Unknown,Unknown,Not Provided,Unknown,Unknown,Canned/Pickled/Brined,Food,Y,N,N,,
2024,03,2,19,7,G,07,2024_19_7,201994932,Kevin,Failed,https://www.inaturalist.org/observations/201994932,kev317,,Dried Porchini Mushrooms,Not Provided,Dried Porchini Mushrooms,Vanua(?),Bolete,Unknown,Italy,Not Provided,044963568153,Unknown,Dried,Food,Y,N,N,,
2024,03,2,13,5,E,01,2024_13_5,201995128,Jessica,Failed,https://www.inaturalist.org/observations/201995128,verpahh,,Stropharia rugoso annulata Mushrooms,Stropharia rugoso annulata,Marinated Borovik Mushrooms,Russian Style,Stropharia,Unknown,Unknown,Not Provided,Unknown,Unknown,Canned/Pickled/Brined,Food,Y,N,N,,
2024,03,1,09,7,G,09,2024_09_7,202132598,John Plischke,Successful,https://www.inaturalist.org/observations/202132598,kimberly58,Boletus bainiugan,Cepes Dried Mushrooms Cut,Boletus edulis,Dry Porcini Mushroom,Runoland,Bolete,Runoland,Poland,Not Provided,5901641000402,Unknown,Dried,Food,Y,N,N,,PV501055
2024,03,2,13,4,D,01,2024_13_4,201996067,Jessica,Failed,https://www.inaturalist.org/observations/201996067,verpahh,,Boletus luteus Mushrooms,Boletus luteus,Marinated Suillus Mushrooms,Russian Style,Suillus,Unknown,Unknown,Not Provided,Unknown,Unknown,Canned/Pickled/Brined,Food,Y,N,N,,
2024,03,2,19,3,C,07,2024_19_3,201996359,Kevin,Failed,https://www.inaturalist.org/observations/201996359,kev317,,Bay Bolete,Not Provided,Bay Bolete,Lesne Skarby,Imleria,Monolith Baltic SIA,EU,Not Provided,5905643057570,Unknown,Dried,Food,Y,N,N,,
2024,03,1,04,2,B,04,2024_04_2,202889856,Kevin,Successful,https://www.inaturalist.org/observations/202889856,Birkebak,Boletus bainiugan,"Porcini, Cepe",Not Provided,"Porcini, Cepe Mushrooms",Everything Mushrooms,Bolete,Everything Mushrooms,Not Provided,Not Provided,5096,Not Provided,Dried,Food,Y,N,N,,PV501012
2024,03,3,26,5,E,02,2024_26_5,202862656,Garrett,Successful,https://www.inaturalist.org/observations/202862656,hills47448,Boletus bainiugan,Porcini Mushrooms,Not Provided,Porchini Mushrooms,World Foods Market,Bolete,World Foods Market,Not Provided,Not Provided,0200000203993,Unknown,Dried,Food,Y,N,N,,PV501044
2024,03,1,02,6,F,02,2024_02_6,202880683,Kevin,Successful,https://www.inaturalist.org/observations/202880683,Birkebak,Boletus bainiugan,Porcini,Boletus edulis,Truffle Risotto,Giusto Sapore,Bolete,Just Ryt Foods,Italy,Not Provided,86706302266,140223,Dried,Food,N,Y,N,,PV501059
2024,03,1,10,8,H,10,2024_10_8,202132010,John Plischke,Successful,https://www.inaturalist.org/observations/202132010,kimberly58,Coprinus comatus,Coprinus comatus,Coprinus comatus,Unknown,Havista,Coprinus,Northern Food I/E Inc.,China,Not Provided,754351196416,Unknown,Dried,Food,Y,N,N,,PV500998
2024,03,2,20,4,D,08,2024_20_4,201998482,Kevin,Failed,https://www.inaturalist.org/observations/201998482,kev317,,Dried White Fungus,Not Provided,Dried White Fungus,Huipu Food,Tremella,"Shanghai Huipu Food Co., Ltd.",China,Not Provided,6922601400574,Unknown,Dried,Food,Y,N,N,,
2024,03,2,14,4,D,02,2024_14_4,201999380,Kevin,Successful,https://www.inaturalist.org/observations/201999380,verpahh,Cordyceps militaris,Cordyceps Fungus,Not Provided,Yunnan Classical Mixed Mushroom,Unknown,Cordyceps,"SLR Food Distribution, Inc., USA",China,Not Provided,0688474308367,B3Y20L10,Dried,Food,Y,Y,N,,PV501053
2024,03,2,14,5,E,02,2024_14_5,201998883,Kevin,Failed,https://www.inaturalist.org/observations/201998883,verpahh,,Morchella,Morchella sp.,Yunnan Classical Mixed Mushroom,Unknown,Morchella,"SLR Food Distribution, Inc., USA",China,Not Provided,0688474308367,B3Y20L10,Dried,Food,Y,Y,N,,
2024,03,3,25,6,F,01,2024_25_6,202862480,Garrett,Failed,https://www.inaturalist.org/observations/202862480,hills47448,Fusarium equiseti,Porchini Mushrooms,Not Provided,Porchini Mushrooms,World Foods Market,Bolete,World Foods Market,Not Provided,Not Provided,0200000203993,Unknown,Dried,Food,Y,N,N,,
2024,03,2,14,3,C,02,2024_14_3,201999596,,Failed,https://www.inaturalist.org/observations/201999596,verpahh,,Agrocybe aegerita,Agrocybe aegerita,Yunnan Classical Mixed Mushroom,Unknown,Cyclocybe,"SLR Food Distribution, Inc., USA",China,Not Provided,0688474308367,B3Y20L10,Dried,Food,Y,Y,N,,
2024,03,1,06,4,D,06,2024_06_4,202097556,John Plischke,Failed,https://www.inaturalist.org/observations/202097556,johnplischke,,Scarlet Fungus,Not Provided,Dried Mushroom (Scarlet Fungus),Japan Oata,Russula,Tristar Food Wholesale Co Inc,China,Not Provided,6937218915717,Unknown,Dried,Food,Y,N,N,,
2024,03,1,06,1,A,06,2024_06_1,202099297,Kurt,Failed,https://www.inaturalist.org/observations/202099297,johnplischke,,Scarlet Fungus,Not Provided,Dried Mushroom (Scarlet Fungus),Japan Oata,Russula,Tristar Food Wholesale Co Inc,China,Not Provided,6937218915717,Unknown,Dried,Food,Y,N,N,,
2024,03,2,20,7,G,08,2024_20_7,201990039,Kevin,Successful,https://www.inaturalist.org/observations/201990039,kev317,Grifola frondosa,"Maitake, Hen of the Woods",Not Provided,Maitake (Hen of the Woods),Hokto,Grifola,Hokto Kinoko Company,USA,California,Unknown,Unknown,Fresh,Food,Y,N,N,,PV501005
2024,03,1,06,2,B,06,2024_06_2,202102130,John Plischke,Failed,https://www.inaturalist.org/observations/202102130,johnplischke,,Chilian Mushroom,Not Provided,Chilian Mushrooms,Not Provided,Suillus,Not Provided,South America,Not Provided,Not Provided,Not Provided,Dried,Food,Y,N,N,"Bulk Product, Observer told it was from ""South America""",
2024,03,1,07,1,A,07,2024_07_1,202103127,Kurt,Failed,https://www.inaturalist.org/observations/202103127,johnplischke,,Bamboo fungus,Not Provided,Mixed Edible Fungus for Stewing Soup,Ha Vista,Phallus,Northern Food I/E Inc.,China,Not Provided,754351198212,Unknown,Dried,Food,Y,Y,N,,
2024,03,1,04,3,C,04,2024_04_3,202889857,Kevin,Successful,https://www.inaturalist.org/observations/202889857,Birkebak,Grifola frondosa,"Maitake, Hen of the Woods",Not Provided,"Maitake Mushrooms, Hen of the Woods",Everything Mushrooms,Grifola,Everything Mushrooms,Not Provided,Not Provided,5099,Not Provided,Dried,Food,Y,N,N,,PV501017
2024,03,1,12,7,G,12,2024_12_7,201971992,John Plischke,Successful,https://www.inaturalist.org/observations/201971992,dawnwehman,Hericium erinaceus,Dried Monkey Head Mushroom,Not Provided,Dried Mushrooms,Unknown,Hericium,Northern Food I/E Inc.,China,Not Provided,754351196333,Unknown,Dried,Food,Y,N,N,,PV501048
2024,03,1,08,1,A,08,2024_08_1,202105306,John Plischke,Failed,https://www.inaturalist.org/observations/202105306,johnplischke,,Black Fungus,Not Provided,Black Fungus,Every Green International Ltd.,Auricularia,Every Green International Ltd.,China,Not Provided,Unknown,Unknown,Dried,Food,Y,N,N,,
2024,03,1,08,4,D,08,2024_08_4,202106625,John Plischke,Failed,https://www.inaturalist.org/observations/202106625,johnplischke,,Boletus edulis,Boletus edulis,niuganjun,Unknown,Bolete,Chuanzhen Industry Co Ltd,China,Not Provided,6922547652136,Unknown,Dried,Food,Y,N,N,,
2024,03,1,08,3,C,08,2024_08_3,202107268,John Plischke,Failed,https://www.inaturalist.org/observations/202107268,johnplischke,,Boletus edulis,Boletus edulis,niuganjun,Unknown,Russula,Chuanzhen Industry Co Ltd,China,Not Provided,6922547652136,Unknown,Dried,Food,Y,N,N,,
2024,03,1,08,2,B,08,2024_08_2,202108066,Kurt,Failed,https://www.inaturalist.org/observations/202108066,johnplischke,,Boletus edulis,Boletus edulis,niuganjun,Unknown,Agaric,Chuanzhen Industry Co Ltd,China,Not Provided,6922547652136,Unknown,Dried,Food,Y,N,N,,
2024,03,1,08,5,E,08,2024_08_5,202108364,John Plischke,Failed,https://www.inaturalist.org/observations/202108364,johnplischke,,Boletus edulis,Boletus edulis,niuganjun,Unknown,Bolete,Chuanzhen Industry Co Ltd,China,Not Provided,6922547652136,Unknown,Dried,Food,Y,N,N,,
2024,03,2,15,8,H,03,2024_15_8,201935856,Kevin,Successful,https://www.inaturalist.org/observations/201935856,verpahh,Hericium erinaceus,Lion's Mane,Not Provided,Lion's Mane,Lucky's Market,Hericium,Lucky's Market,Unknown,Not Provided,Unknown,Unknown,Dried,Medicinal/Tea,Y,N,Y,,PV501023
2024,03,2,21,4,D,09,2024_21_4,201988219,Kevin,Successful,https://www.inaturalist.org/observations/201988219,kev317,Hericium erinaceus,Pom Pom Mushrooms,Not Provided,Pom Pom Mushrooms,Market District,Hericium,Market District,USA,Not Provided,NA,NA,Fresh,Food,Y,N,N,,PV501051
2024,03,1,03,8,H,03,2024_03_8,234751471,Kevin,Successful,https://www.inaturalist.org/observations/234751471,Birkebak,Hydnum ibericum,Chanterelle,Not Provided,Chef Blend,Shrooms,Hydnum,"Psychedlic Foods, LLC",USA,Not Provided,819981012601,RS23077,Dried,Food,Y,Y,N,,PV501004
2024,03,1,07,4,D,07,2024_07_4,202113272,John Plischke,Failed,https://www.inaturalist.org/observations/202113272,johnplischke,,Agaricus blazei,Agaricus blazei,Mixed Edible Fungus for Stewing Soup,Ha Vista,Agaricus,Northern Food I/E Inc.,China,Not Provided,754351198212,Unknown,Dried,Food,Y,Y,N,I think?,
2024,03,1,03,7,G,03,2024_03_7,202885901,Kevin,Successful,https://www.inaturalist.org/observations/202885901,Birkebak,Hypomyces lactifluorum,Lobster,Not Provided,Chef Blend,Shrooms,Hypomyces,"Psychedlic Foods, LLC",USA,Not Provided,819981012601,RS23077,Dried,Food,Y,Y,N,,PV501025
2024,03,2,21,3,C,09,2024_21_3,201988117,Kevin,Successful,https://www.inaturalist.org/observations/201988117,kev317,Hypsizygus,Beech Mushroom,Not Provided,Beech Mushroom,Market District,Hypsizygus,Market District,USA,Not Provided,NA,NA,Fresh,Food,Y,N,N,,PV501034
2024,03,1,06,8,H,06,2024_06_8,202126330,John Plischke,Failed,https://www.inaturalist.org/observations/202126330,johnplischke,,Cordyceps flowers,Not Provided,Mixed Edible Fungus for Stewing Soup,Ha Vista,Cordyceps,Northern Food I/E Inc.,China,Not Provided,754351198212,Unknown,Dried,Food,Y,Y,N,,
2024,03,2,20,8,H,08,2024_20_8,201990490,Kevin,Successful,https://www.inaturalist.org/observations/201990490,kev317,Hypsizygus,Seafood Mushroom,Not Provided,Seafood Mushroom,Xuerong,Flammulina,Shanghai Xuerong Biotechnology,China,Not Provided,6953150182703,Unknown,Fresh,Food,Y,N,N,,PV501049
2024,03,1,10,6,F,10,2024_10_6,202131546,John Plischke,Failed,https://www.inaturalist.org/observations/202131546,kimberly58,,Ganoderma lucidum,Ganoderma lucidum,Ganoderma lucidum,Lucky Eight Brand,Ganoderma,"Murray International Trading Co, Inc.",China,Not Provided,767533920075,Unknown,Dried,Medicinal/Tea,Y,N,N,,
2024,03,2,16,3,C,04,2024_16_3,202375358,Kevin,Successful,https://www.inaturalist.org/observations/202375358,alexmerryman,Hypsizygus,Seafood Mushroom,Not Provided,Seafood Mushroom,Xuerong,Flammulina,Shanghai Xuerong Biotechnology,China,Not Provided,6953150182703,Unknown,Fresh,Food,Y,N,N,,PV501013
2024,03,2,17,3,C,05,2024_17_3,203264162,Kevin,Successful,https://www.inaturalist.org/observations/203264162,potatolord_lordofpotatoes,Hypsizygus,Bunapi Mushroom,Not Provided,Bunapi Mushroom,Hokto,Hypsizygus,Hokto Kinoko Company,USA,California,Unknown,Unknown,Fresh,Food,Y,N,N,,PV501022
2024,03,1,10,4,D,10,2024_10_4,202132216,John Plischke,Failed,https://www.inaturalist.org/observations/202132216,kimberly58,,Fungus,Not Provided,White Fungus,Unknown,Tremella,"China National Cereals, Oils, & Foodstuffs",Singapore,Not Provided,6920473991749,Unknown,Dried,Food,Y,N,N,,
2024,03,1,09,2,B,09,2024_09_2,202132309,John Plischke,Failed,https://www.inaturalist.org/observations/202132309,kimberly58,,Dehydrated Mushroom,Not Provided,Dehydrated Mushroom,Unknown,Agaric,"Blooming Import Inc., Taishan City Daxin Food Co., Ltd",China,Not Provided,734765031466,Unknown,Dried,Food,Y,N,N,,
2024,03,1,10,7,G,10,2024_10_7,202132461,John Plischke,Failed,https://www.inaturalist.org/observations/202132461,kimberly58,,Hon Yao Guo,Not Provided,Dried Hon Tao Guo,Golden Flower,Hericium,"S&Y Co., Ltd",China,Not Provided,647406012345,Unknown,Dried,Food,Y,N,N,,
2024,03,2,17,2,B,05,2024_17_2,203264164,Kevin,Successful,https://www.inaturalist.org/observations/203264164,potatolord_lordofpotatoes,Hypsizygus,Brown Beech Mushroom,Not Provided,Brown Beech Mushroom,Unknown,Hypsizygus,Unknown,China,Not Provided,697443470079,Unknown,Fresh,Food,Y,N,N,,PV501028
2024,03,2,19,6,F,07,2024_19_6,201989734,Kevin,Successful,https://www.inaturalist.org/observations/201989734,kev317,Hypsizygus marmoreus,"Brown Beech Mushroom, Brown Shimeji",Hypsizygus mamoreus,"Brown Beech Mushroom, Brown Shimeji",Freshmore,Hypsizygus,"Chengdu Finc Bio-Tech Co., Ltd.",China,Not Provided,6973637650068,Unknown,Fresh,Food,Y,N,N,,PV501043
2024,03,1,10,1,A,10,2024_10_1,202133022,John Plischke,Failed,https://www.inaturalist.org/observations/202133022,kimberly58,,Fried Chicken,Lyophyllum decastes,Fried Chicken,The Mushroomery,Lyophyllum,The Mushroomery,USA,Oregon,Not Provided,Unknown,Dried,Food,Y,N,N,,
2024,03,1,09,6,F,09,2024_09_6,202133118,John Plischke,Failed,https://www.inaturalist.org/observations/202133118,kimberly58,,Monkeyhead Mushroom,Not Provided,Dried Monkeyhead Mushroom,Fortune,Hericium,"Xiamen Sungiven Import & Export Co., Ltd.",China,Not Provided,7976351953,Unknown,Dried,Food,Y,N,N,,
2024,03,1,09,1,A,09,2024_09_1,202133204,Kurt,Failed,https://www.inaturalist.org/observations/202133204,kimberly58,,Ganoderma lucidum,Ganoderma lucidum,Ganoderma lucidum,Lucky Eight Brand,Ganoderma,W.T.H. Ltd.,China,Not Provided,767533206414,Unknown,Dried,Food,Y,N,N,,
2024,03,2,22,6,F,10,2024_22_6,202225965,Garrett,Failed,https://www.inaturalist.org/observations/202225965,johallar,,Reishi,Not Provided,Reishi,Far West Fungi,Ganoderma,Far West Fungi,USA,Not Provided,852944001328,865,Dried,Medicinal/Tea,Y,N,N,,
2024,03,2,22,4,D,10,2024_22_4,202226293,Garrett,Failed,https://www.inaturalist.org/observations/202226293,johallar,,Chaga,Not Provided,Chaga,Far West Fungi,Inonotus,Far West Fungi,USA,Not Provided,Not Provided,858,Dried,Medicinal/Tea,Y,N,N,,
2024,03,2,22,5,E,10,2024_22_5,202226632,Garrett,Failed,https://www.inaturalist.org/observations/202226632,johallar,,Agaricus blazei,Agaricus blazei,Agaricus blazei,HA Vista,Agaricus,Northern Food I/E Inc.,China,Not Provided,754351196447,Unknown,Dried,Food,Y,N,N,,
2024,03,2,13,8,H,01,2024_13_8,201990041,Jessica,Successful,https://www.inaturalist.org/observations/201990041,verpahh,Hypsizygus marmoreus,"Brown Beech Mushroom, Brown Shimeji",Hypsizygus mamoreus,"Brown Beech Mushroom, Brown Shimeji",Freshmore,Hypsizygus,Unknown,Unknown,Not Provided,Unknown,Unknown,Fresh,Food,Y,N,N,,PV501021
2024,03,2,22,8,H,10,2024_22_8,202227137,Garrett,Failed,https://www.inaturalist.org/observations/202227137,ookd,,Dried Bamboo Fungus,Not Provided,Dried Bamboo Fungus,HA Vista,Phallus,Northern Food I/E Inc.,China,Not Provided,754351197413,Unknown,Dried,Food,Y,N,N,,
2024,03,2,21,8,H,09,2024_21_8,202227316,Garrett,Failed,https://www.inaturalist.org/observations/202227316,alexmerryman,,Black Fungus,Not Provided,Dried Black Fungus (Whole),Super Brand,Auricularia,Unknown,China,Not Provided,610232031156,Unknown,Dried,Food,Y,N,N,,
2024,03,3,26,8,H,02,2024_26_8,202564314,Jessica,Successful,https://www.inaturalist.org/observations/202564314,lothlin,Hypsizygus marmoreus,Seafood Mushroom,Not Provided,Seafood Mushroom,Xuerong,Flammulina,Shanghai Xuerong Biotechnology,China,Not Provided,Unknown,Unknown,Fresh,Food,Y,N,N,,PV501033
2024,03,2,22,1,A,10,2024_22_1,202227760,Garrett,Failed,https://www.inaturalist.org/observations/202227760,alexmerryman,,Dried Cordyceps,Cordyceps,Natural Dessert Mix,Nong Phu,Cordyceps,"L.A. Lucky Import & Export, Inc.",Unknown,Not Provided,8938508492916,Unknown,Dried,Food,N,Y,N,,
2024,03,1,04,8,H,04,2024_04_8,202893857,Kevin,Successful,https://www.inaturalist.org/observations/202893857,Birkebak,Imleria badia,Bay Bolete,Boletus badius,Dried Bay Bolete,Lowell,Imleria,Lowell Intl Foods,Poland,Not Provided,617115021365,OP 405,Dried,Food,Y,N,N,,PV501016
2024,03,2,23,5,E,11,2024_23_5,202232145,Garrett,Failed,https://www.inaturalist.org/observations/202232145,hills47448,,Organic Dried Porchini Mushrooms,Not Provided,Mushroom Medley,FungusAmongUs,Bolete,FungusAmongUs,Multiple Given,Not Provided,Unknown,Unknown,Dried,Food,Y,Y,N,"China, Serbia, South America, and USA",
2024,03,2,23,1,A,11,2024_23_1,201971307,Garrett,Successful,https://www.inaturalist.org/observations/201971307,hills47448,Lentinula edodes,Shiitake,Not Provided,Mushroom Medley,FungusAmongUs,Lentinula edodes,FungusAmongUs,Multiple Given,Not Provided,719870600165,Unknown,Dried,Food,Y,Y,N,"China, Serbia, South America, and USA",PV501006
2024,03,1,07,2,B,07,2024_07_2,202110179,Joshua Birkebak,Successful,https://www.inaturalist.org/observations/202110179,johnplischke,Lentinula edodes,Unknown,Not Provided,Mixed Edible Fungus for Stewing Soup,Ha Vista,Lentinula edodes,Northern Food I/E Inc.,China,Not Provided,754351198212,Unknown,Dried,Food,Y,Y,N,Not listed on ingredients? Mistranslation?,
2024,03,1,03,5,E,03,2024_03_5,202885894,Kevin,Successful,https://www.inaturalist.org/observations/202885894,Birkebak,Lentinula edodes,Shiitake,Not Provided,Chef Blend,Shrooms,Lentinula edodes,"Psychedlic Foods, LLC",USA,Not Provided,819981012601,RS23077,Dried,Food,Y,Y,N,,PV501039
2024,03,1,03,6,F,03,2024_03_6,202885895,Kevin,Failed,https://www.inaturalist.org/observations/202885895,Birkebak,Lentinula edodes,Oyster,Not Provided,Chef Blend,Shrooms,Pleurotus,"Psychedlic Foods, LLC",USA,Not Provided,819981012601,RS23077,Dried,Food,Y,Y,N,,
2024,03,1,10,2,B,10,2024_10_2,202316256,John Plischke,Failed,https://www.inaturalist.org/observations/202316256,kimberly58,,Seafood Mushroom,Not Provided,Seafood Mushroom,Xuerong,Flammulina,Shanghai Xuerong Biotechnology,China,Not Provided,Unknown,Unknown,Fresh,Food,Y,N,N,,
2024,03,1,09,3,C,09,2024_09_3,202316535,John Plischke,Failed,https://www.inaturalist.org/observations/202316535,kimberly58,,Enoki,Not Provided,Enoki Mushroom,Ever Hills,Flammulina,Everhills Foods Inc,Korea,Not Provided,Unknown,Unknown,Fresh,Food,Y,N,N,,
2024,03,1,09,4,D,09,2024_09_4,202366732,John Plischke,Failed,https://www.inaturalist.org/observations/202366732,kimberly58,,Unknown,Unknown,Unknown,Unknown,Auricularia,Unknown,Unknown,Not Provided,Unknown,Unknown,Dried,Food,Y,N,N,"""From Mike Henry will link""",
2024,03,1,08,6,F,08,2024_08_6,202366864,John Plischke,Failed,https://www.inaturalist.org/observations/202366864,kimberly58,,Wild Morel,Not Provided,Wild Morels,Unknown,Morchella,Unknown,Unknown,Not Provided,Unknown,Unknown,Dried,Food,Y,N,N,,
2024,03,2,16,7,G,04,2024_16_7,203264160,Kurt,Successful,https://www.inaturalist.org/observations/203264160,potatolord_lordofpotatoes,Lentinula edodes,Winter Mushrooms,Not Provided,Winter Mushrooms,Daido Market,Lentinula edodes,Daido Market,Not Provided,Not Provided,0204001905191,Unknown,Fresh,Food,Y,N,N,,PV501061
2024,03,1,11,3,C,11,2024_11_3,200467305,Andrew,Successful,https://www.inaturalist.org/observations/200467305,aldendirks,"Lyophyllum ""decastes-CHINA01""",Lyophyllum decastes,Lyophyllum decastes,Lyophyllum decastes,Japan Oata,Lyophyllum,Xin Fuji Co.,China,Not Provided,6937218915687,Unknown,Dried,Food,Y,N,N,,PV501040
2024,03,1,09,5,E,09,2024_09_5,202367160,John Plischke,Failed,https://www.inaturalist.org/observations/202367160,kimberly58,,Candy Cap,Lactarius rubidus,Candy Cap Powder,The Mushroomery,Lactarius,The Mushroomery,USA,Oregon,None,Unknown,Dried,Food,Y,N,N,,
2024,03,2,16,5,E,04,2024_16_5,202375300,Kevin,Failed,https://www.inaturalist.org/observations/202375300,alexmerryman,,Straw Mushrooms,Not Provided,Straw Mushrooms Whole Peeled (Medium),Lucky Crown Brand,Volvariella,"L.A. Lucky Import & Export, Inc.",Vietnam,Not Provided,820678201604,Unknown,Canned/Pickled/Brined,Food,Y,N,N,,
2024,03,2,14,7,G,02,2024_14_7,201997433,Kevin,Successful,https://www.inaturalist.org/observations/201997433,verpahh,"Lyophyllum ""decastes-CHINA01""",Antler Mushroom,Not Provided,Mushroom Soup Mix,Unknown,Lyophyllum,Lin's Waha International Corp.,China,Not Provided,6977776668212,Unknown,Dried,Food,Y,Y,N,,PV501008
2024,03,2,16,4,D,04,2024_16_4,202375426,Kevin,Failed,https://www.inaturalist.org/observations/202375426,alexmerryman,,"King Oyster Mushroom, Pleurotus eryngii",Pleurotus eryngii,King Oyster Mushroom,Detan,Pleurotus,"Shanghai DETAN Muhsrooms & Truffles Co., Ltd.",China,Not Provided,6970791811397,Unknown,Fresh,Food,Y,N,N,,
2024,03,2,24,6,F,12,2024_24_6,202461268,Garrett,Failed,https://www.inaturalist.org/observations/202461268,hills47448,,Black Fungus,Not Provided,Dried Black Fungus,Wei-Chuan,Auricularia,"Wei-Chuan U.S.A., Inc.",China,Not Provided,072869231314,Unknown,Dried,Food,Y,N,N,,
2024,03,1,07,3,C,07,2024_07_3,202111877,John Plischke,Successful,https://www.inaturalist.org/observations/202111877,johnplischke,"Lyophyllum ""decastes-CHINA01""",Velvet Antler Mushroom,Not Provided,Mixed Edible Fungus for Stewing Soup,Ha Vista,Hypsizygus,Northern Food I/E Inc.,China,Not Provided,754351198212,Unknown,Dried,Food,Y,Y,N,I think?,PV501062
2024,03,3,27,1,A,03,2024_27_1,202558218,Jessica,Failed,https://www.inaturalist.org/observations/202558218,lothlin,,Black Fungus,Not Provided,Black Fungus,Dragonfly,Auricularia,U.S. Trading Company,China,Not Provided,721557510667,Unknown,Fresh,Food,Y,N,N,,
2024,03,3,29,1,A,05,2024_29_1,202558228,Jessica,Failed,https://www.inaturalist.org/observations/202558228,lothlin,,Porchini,Not Provided,Mushroom Medley,Melissa's,Bolete,"World Variety Produce, Inc.",France,Not Provided,045255152098,Unknown,Dried,Food,Y,Y,N,,
2024,03,3,26,7,G,02,2024_26_7,202558697,Jessica,Failed,https://www.inaturalist.org/observations/202558697,lothlin,,Porchini,Not Provided,Mushroom Medley,Melissa's,Bolete,"World Variety Produce, Inc.",France,Not Provided,045255152098,Unknown,Dried,Food,Y,Y,N,,
2024,03,2,18,7,G,06,2024_18_7,202614658,Harte,Successful,https://www.inaturalist.org/observations/202614658,andrewcannon,Marasmius oreades,Fairy Ring Mushroom,Not Provided,Dried Selected Mushrooms Mix,Unknown,Marasmius,Cascada International Corp.,EU,Not Provided,Unknown,Unknown,Dried,Food,Y,Y,N,,
2024,03,3,28,7,G,04,2024_28_7,202559276,Jessica,Failed,https://www.inaturalist.org/observations/202559276,lothlin,,Porchini,Not Provided,Mushroom Medley,Melissa's,Bolete,"World Variety Produce, Inc.",France,Not Provided,045255152098,Unknown,Dried,Food,Y,Y,N,,
2024,03,1,06,5,E,06,2024_06_5,202099852,Kurt,Successful,https://www.inaturalist.org/observations/202099852,johnplischke,Morchella eximia,Morel,Not Provided,Dried Morel,Ha Vista,Morchella,Northern Food I/E Inc.,China,Not Provided,Unknown,Unknown,Dried,Food,Y,N,N,,PV501063
2024,03,3,29,5,E,05,2024_29_5,202559798,Jessica,Failed,https://www.inaturalist.org/observations/202559798,lothlin,,Oyster?,Not Provided,Mushroom Medley,Melissa's,Agaricales,"World Variety Produce, Inc.",France,Not Provided,045255152098,Unknown,Dried,Food,Y,Y,N,,
2024,03,3,27,5,E,03,2024_27_5,202560758,Jessica,Failed,https://www.inaturalist.org/observations/202560758,lothlin,,Porchini Mushrooms,Not Provided,Dried Porchini Mushrooms,Melissa's,Bolete,"World Variety Produce, Inc.",France,Not Provided,045255116762,Unknown,Dried,Food,Y,N,N,,
2024,03,1,08,7,G,08,2024_08_7,202367050,John Plischke,Successful,https://www.inaturalist.org/observations/202367050,kimberly58,Morchella importuna,Wild Morel,Not Provided,Wild Morels,Unknown,Morchella,Unknown,Unknown,Not Provided,Unknown,Unknown,Dried,Food,Y,N,N,,PV501037
2024,03,3,28,1,A,04,2024_28_1,202560830,Jessica,Failed,https://www.inaturalist.org/observations/202560830,lothlin,,Porcini,Not Provided,Mushroom Medley,Melissa's,Bolete,"World Variety Produce, Inc.",France,Not Provided,045255152098,Unknown,Dried,Food,Y,Y,N,,
2024,03,3,28,3,C,04,2024_28_3,202560855,Jessica,Failed,https://www.inaturalist.org/observations/202560855,lothlin,,Porchini Mushrooms,Not Provided,Dried Porchini Mushrooms,Melissa's,Bolete,"World Variety Produce, Inc.",France,Not Provided,045255116762,Unknown,Dried,Food,Y,N,N,,
2024,03,3,28,5,E,04,2024_28_5,202560885,Jessica,Failed,https://www.inaturalist.org/observations/202560885,lothlin,,Porchini Mushrooms,Not Provided,Dried Porchini Mushrooms,Melissa's,Bolete,"World Variety Produce, Inc.",France,Not Provided,045255116762,Unknown,Dried,Food,Y,N,N,,
2024,03,3,27,3,C,03,2024_27_3,202560904,Jessica,Failed,https://www.inaturalist.org/observations/202560904,lothlin,,Porchini Mushrooms,Not Provided,Dried Porchini Mushrooms,Melissa's,Bolete,"World Variety Produce, Inc.",France,Not Provided,045255116762,Unknown,Dried,Food,Y,N,N,,
2024,03,3,29,3,C,05,2024_29_3,202560926,Jessica,Failed,https://www.inaturalist.org/observations/202560926,lothlin,,Porchini Mushrooms,Not Provided,Dried Porchini Mushrooms,Melissa's,Bolete,"World Variety Produce, Inc.",France,Not Provided,045255116762,Unknown,Dried,Food,Y,N,N,,
2024,03,3,29,6,F,05,2024_29_6,202560955,Jessica,Failed,https://www.inaturalist.org/observations/202560955,lothlin,,Porchini Mushrooms,Not Provided,Dried Porchini Mushrooms,Melissa's,Bolete,"World Variety Produce, Inc.",France,Not Provided,045255116762,Unknown,Dried,Food,Y,N,N,,
2024,03,3,29,2,B,05,2024_29_2,202561120,Jessica,Failed,https://www.inaturalist.org/observations/202561120,lothlin,,Unknown,Unknown,Unknown,Unknown,Ophiocordyceps,Unknown,Unknown,Not Provided,Unknown,Unknown,Dried,Medicinal/Tea,Y,N,N,,
2024,03,3,28,8,H,04,2024_28_8,202561969,Jessica,Failed,https://www.inaturalist.org/observations/202561969,lothlin,,Termite Mushroom,Termitomyces fuliginosus,Termite Mushroom in Brine,Wanatip,Termitomyces,Wanatip,Thailand,Not Provided,8857117180116,Unknown,Canned/Pickled/Brined,Food,Y,N,N,,
2024,03,3,28,6,F,04,2024_28_6,202563931,Jessica,Failed,https://www.inaturalist.org/observations/202563931,lothlin,,Black Mushroom,Astraeus hygrometrieus,Black Mushroom in Brine,Singing Bird Brand,Astraeus,"T.P. Food Canning Ltd., PART.",Thailand,Not Provided,8854680000687,Unknown,Canned/Pickled/Brined,Food,Y,N,N,,
2024,03,3,28,4,D,04,2024_28_4,202563988,Jessica,Failed,https://www.inaturalist.org/observations/202563988,lothlin,,Straw Mushrooms,Not Provided,Unpeeled Whole Straw Mushrooms,Asian Best Brand,Volvariella,Eastland Food Corporation,Vietnam,Not Provided,083737108072,Unknown,Canned/Pickled/Brined,Food,Y,N,N,,
2024,03,3,27,2,B,03,2024_27_2,202564051,Jessica,Failed,https://www.inaturalist.org/observations/202564051,lothlin,,Whole Oyster Mushroom,Not Provided,Whole Oyster Mushrooms in Brine,Asian Best Brand,Pleurotus,Eastland Food Corporation,Thailand,Not Provided,083737220828,Unknown,Canned/Pickled/Brined,Food,Y,N,N,,
2024,03,3,29,4,D,05,2024_29_4,202564093,Jessica,Failed,https://www.inaturalist.org/observations/202564093,lothlin,,Abalone Mushrooms,Not Provided,Abalone Mushroom in Brine,Tas Brand,Pleurotus,"Vara Food and Drink Co., Ltd.",Thailand,Not Provided,804531413007,Unknown,Canned/Pickled/Brined,Food,Y,N,N,,
2024,03,3,27,6,F,03,2024_27_6,202564154,Jessica,Failed,https://www.inaturalist.org/observations/202564154,lothlin,,Oyster Mushrooms,Not Provided,Oyster Mushrooms in Brine,Tas Brand,Pleurotus,"Vara Food and Drink Co., Ltd.",Thailand,Not Provided,804531413106,Unknown,Canned/Pickled/Brined,Food,Y,N,N,,
2024,03,3,28,2,B,04,2024_28_2,202564232,Jessica,Failed,https://www.inaturalist.org/observations/202564232,lothlin,,Brown Shimeji Mushroom,Not Provided,Brown Shimeji Mushroom,Hualvbio,Lyophyllum,"Jiangsu Hualv Biological Technology Co., Ltd.",China,Not Provided,6974434700079,Unknown,Fresh,Food,Y,N,N,,
2024,03,1,07,5,E,07,2024_07_5,202110547,Kurt,Successful,https://www.inaturalist.org/observations/202110547,johnplischke,Morchella sextelata,Morel,Not Provided,Mixed Edible Fungus for Stewing Soup,Ha Vista,Morchella,Northern Food I/E Inc.,China,Not Provided,754351198212,Unknown,Dried,Food,Y,Y,N,,PV501029
2024,03,2,24,7,G,12,2024_24_7,202568738,Garrett,Failed,https://www.inaturalist.org/observations/202568738,hills47448,,White Truffle,Tuber magnatum,Gourmet White Truffle Salt,Gourmet Line,Tuber,Le Vie Del Tartufo S.R.L.,Italy,Not Provided,8050705531110,Unknown,Dried,Food,N,N,Y,,
2024,03,3,25,1,A,01,2024_25_1,202568757,Garrett,Failed,https://www.inaturalist.org/observations/202568757,hills47448,,"Summer Truffle, Tuber aestivum Vitt.",Tuber aestivum,Whole Truffle in Brine,Gourmanity Tartufi,Tuber,Gourmanity,Italy,Not Provided,810104762427,Unknown,Canned/Pickled/Brined,Food,Y,N,N,,
2024,03,2,17,5,E,05,2024_17_5,202613923,Harte,Failed,https://www.inaturalist.org/observations/202613923,andrewcannon,,Not Applicable,Not Provided,Not Provided,Not Applicable,Helvella,Mercado de San Juan Stand 261,Not Provided,Not Provided,Not Applicable,Not Applicable,Dried,Food,Y,N,N,,
2024,03,2,17,7,G,05,2024_17_7,202614235,Harte,Failed,https://www.inaturalist.org/observations/202614235,andrewcannon,Hypomyces and Hypsizygus,Not Applicable,Not Provided,Not Provided,Not Applicable,Ramaria,Mercado de San Juan Stand 261,Not Provided,Not Provided,Not Applicable,Not Applicable,Dried,Food,Y,N,N,,
2024,03,1,08,8,H,08,2024_08_8,202366968,John Plischke,Successful,https://www.inaturalist.org/observations/202366968,kimberly58,Morchella sextelata,Wild Morel,Not Provided,Wild Morels,Unknown,Morchella,Unknown,Unknown,Not Provided,Unknown,Unknown,Dried,Food,Y,N,N,,PV501002
2024,03,1,01,1,A,01,2024_01_1,202835498,April,Failed,https://www.inaturalist.org/observations/202835498,Birkebak,,Summer Truffle,Tuber aestivum,Black Truffle and Mushrooms,Urbani Truffles,Tuber,Not Provided,Italy,Not Provided,845780036043,L.M032,Canned/Pickled/Brined,Food,N,Y,Y,,
2024,03,1,01,2,B,01,2024_01_2,202835501,April,Failed,https://www.inaturalist.org/observations/202835501,Birkebak,,Porcini,Not Provided,Black Truffle and Mushrooms,Urbani Truffles,Bolete,Not Provided,Italy,Not Provided,845780036043,L.M032,Canned/Pickled/Brined,Food,N,Y,Y,,
2024,03,1,01,3,C,01,2024_01_3,202835503,April,Failed,https://www.inaturalist.org/observations/202835503,Birkebak,,Champignon,Not Provided,Black Truffle and Mushrooms,Urbani Truffles,Agaricus,Not Provided,Italy,Not Provided,845780036043,L.M032,Canned/Pickled/Brined,Food,N,Y,Y,,
2024,03,1,01,4,D,01,2024_01_4,202835508,April,Failed,https://www.inaturalist.org/observations/202835508,Birkebak,,White Truffle,Tuber magnatum,White Truffles and Porcini,Urbani Truffles,Tuber,Not Provided,Italy,Not Provided,845780036050,L.M030,Canned/Pickled/Brined,Food,N,Y,Y,,
2024,03,1,01,5,E,01,2024_01_5,202835510,April,Failed,https://www.inaturalist.org/observations/202835510,Birkebak,,Porcini,Not Provided,White Truffles and Porcini,Urbani Truffles,Bolete,Not Provided,Italy,Not Provided,845780036050,L.M030,Canned/Pickled/Brined,Food,N,Y,Y,,
2024,03,1,01,6,F,01,2024_01_6,202838083,April,Failed,https://www.inaturalist.org/observations/202838083,Birkebak,,Pachyma cocos,Pachyma cocos,Fu Ling Ding,None,Wolfiporia,"SLR Food Distribution, Inc., USA",China,Not Provided,688474306707,B3Y20L02,Dried,Medicinal/Tea,Y,N,N,,
2024,03,1,01,7,G,01,2024_01_7,202840174,April,Failed,https://www.inaturalist.org/observations/202840174,Birkebak,,Abalone,Not Provided,Abalone Mushroom - Whole in Salt Water,Dragonfly,Pleurotus,U.S. Trading Co.,Taiwan,Not Provided,721557131404,Not Provided,Canned/Pickled/Brined,Food,Y,N,N,,
2024,03,2,18,3,C,06,2024_18_3,203050820,Kurt,Successful,https://www.inaturalist.org/observations/203050820,andrewcannon,Naematelia aurantialba,Dried Tremella aurantiabla (Golden Jelly Fungus),Tremella aurantialba,Dried Tremella aurantiabla (Golden Jelly Fungus),Japan Oata,Naematelia,Tristar Food Wholesale Co Inc,China,Not Provided,6937218915700,Unknown,Dried,Food,Y,N,N,,PV501030
2024,03,1,02,1,A,02,2024_02_1,202841992,April,Failed,https://www.inaturalist.org/observations/202841992,Birkebak,,Black Fungus,Not Provided,Dried Black Fungus,Asian Taste,Auricularia,"Walong Marketing, Inc",China,Not Provided,673367363073,09.15.2024,Dried,Food,Y,N,N,,
2024,03,2,16,8,H,04,2024_16_8,203264159,Kevin,Successful,https://www.inaturalist.org/observations/203264159,potatolord_lordofpotatoes,Pholiota aurivella,Chestnut Mushrooms,Not Provided,Chestnut Mushrooms,Westchester Mushroom Co.,Pholiota,Westchester Mushroom Co.,Not Provided,Not Provided,198168781197,Unknown,Fresh,Food,Y,N,N,,PV501045
2024,03,1,02,3,C,02,2024_02_3,202843193,,Failed,https://www.inaturalist.org/observations/202843193,Birkebak,,Fungus,Not Provided,Dried Fungus,Wise Wife,Auricularia,"SLR Food Distribution, Inc., USA",China,Not Provided,639713647754,Not Provided,Dried,Food,Y,N,N,,
2024,03,1,02,4,D,02,2024_02_4,202843998,,Failed,https://www.inaturalist.org/observations/202843998,Birkebak,,Fungus,Not Provided,Premium Grade Fungus,Not Provided,Auricularia,"SLR Food Distribution, Inc., USA",China,Not Provided,639713647761,Not Provided,Dried,Food,Y,N,N,,
2024,03,1,06,7,G,06,2024_06_7,202103443,John Plischke,Successful,https://www.inaturalist.org/observations/202103443,johnplischke,Pholiota microspora,Pholiota microspora,Pholiota microspora,Dried Mushroom,Shan Nan Hai Bei,Pholiota,"Chengdu Yueyuehon Industry Co. Ltd., Splendid World Corp",China,Not Provided,6926249306335,Q/YYH 0009S,Dried,Food,Y,N,N,,PV501042
2024,03,3,25,2,B,01,2024_25_2,202862101,Garrett,Failed,https://www.inaturalist.org/observations/202862101,hills47448,,Tremella,Tremella,Dried Tremella,Szechuan Flavor,Tremella,Chengdu Yueyuehon Industry Co. Ltd.,China,Not Provided,Unknown,Unknown,Dried,Food,Y,N,N,,
2024,03,3,25,3,C,01,2024_25_3,202862238,Garrett,Failed,https://www.inaturalist.org/observations/202862238,hills47448,,Porchini Mushrooms,Not Provided,Porchini Mushrooms,World Foods Market,Bolete,World Foods Market,Not Provided,Not Provided,0200000203993,Unknown,Dried,Food,Y,N,N,,
2024,03,3,25,4,D,01,2024_25_4,202862300,Garrett,Failed,https://www.inaturalist.org/observations/202862300,hills47448,,Porchini Mushrooms,Not Provided,Porchini Mushrooms,World Foods Market,Bolete,World Foods Market,Not Provided,Not Provided,0200000203993,Unknown,Dried,Food,Y,N,N,,
2024,03,3,25,5,E,01,2024_25_5,202862408,Garrett,Failed,https://www.inaturalist.org/observations/202862408,hills47448,,Porchini Mushrooms,Not Provided,Porchini Mushrooms,World Foods Market,Bolete,World Foods Market,Not Provided,Not Provided,0200000203993,Unknown,Dried,Food,Y,N,N,,
2024,03,2,21,7,G,09,2024_21_7,202858469,Garrett,Successful,https://www.inaturalist.org/observations/202858469,joedimaio,Pleurotus 'pulmonarius-PNW02',NA,Not Provided,Oyster Mushrooms,Home Grown,Pleurotus,NA,USA,Colorado,NA,NA,Fresh,Food,Y,N,N,,PV501064
2024,03,2,21,2,B,09,2024_21_2,201987877,Kevin,Successful,https://www.inaturalist.org/observations/201987877,kev317,Pleurotus citrinopileatus,Yellow Oyster Mushrooms,Not Provided,Yellow Oyster Mushrooms,Market District,Pleurotus,Market District,USA,Not Provided,NA,NA,Fresh,Food,Y,N,N,,PV501065
2024,03,1,07,6,F,07,2024_07_6,202125822,John Plischke,Successful,https://www.inaturalist.org/observations/202125822,johnplischke,Pleurotus citrinopileatus,Yellow Hypsizygus marmoreus,Hypsizygus marmoreus,Mixed Edible Fungus for Stewing Soup,Ha Vista,Hypsizygus,Northern Food I/E Inc.,China,Not Provided,754351198212,Unknown,Dried,Food,Y,Y,N,I think?,PV501067
2024,03,2,14,6,F,02,2024_14_6,201998634,Kevin,Successful,https://www.inaturalist.org/observations/201998634,verpahh,Pleurotus eryngii,Not Included,Not Provided,Yunnan Classical Mixed Mushroom,Unknown,Pleurotus,"SLR Food Distribution, Inc., USA",China,Not Provided,0688474308367,B3Y20L10,Dried,Food,Y,Y,N,,PV501038
2024,03,3,26,4,D,02,2024_26_4,202862731,Garrett,Failed,https://www.inaturalist.org/observations/202862731,hills47448,,Porchini Mushrooms,Not Provided,Porchini Mushrooms,World Foods Market,Bolete,World Foods Market,Not Provided,Not Provided,0200000203993,Unknown,Dried,Food,Y,N,N,,
2024,03,3,26,3,C,02,2024_26_3,202862802,Garrett,Failed,https://www.inaturalist.org/observations/202862802,hills47448,,Porchini Mushrooms,Not Provided,Porchini Mushrooms,World Foods Market,Bolete,World Foods Market,Not Provided,Not Provided,0200000203993,Unknown,Dried,Food,Y,N,N,,
2024,03,1,10,5,E,10,2024_10_5,202315931,John Plischke,Successful,https://www.inaturalist.org/observations/202315931,kimberly58,Pleurotus eryngii,King Oyster Mushroom,Not Provided,Mini King Oyster Mushroom,Unknown,Pleurotus,"Sun Hong Foods, Inc",Korea,Not Provided,7426852626428,Unknown,Fresh,Food,Y,N,N,,PV501069
2024,03,3,26,1,A,02,2024_26_1,202862887,Garrett,Failed,https://www.inaturalist.org/observations/202862887,hills47448,,Porchini Mushrooms,Not Provided,Porchini Mushrooms,World Foods Market,Bolete,World Foods Market,Not Provided,Not Provided,0200000203993,Unknown,Dried,Food,Y,N,N,,
2024,03,1,02,5,E,02,2024_02_5,202879768,,Failed,https://www.inaturalist.org/observations/202879768,Birkebak,,Turkey Tail,Not Provided,Not Provided,Not Provided,Unknown,Not Provided,Not Provided,Not Provided,Not Provided,Not Provided,Dried,Medicinal/Tea,Y,N,N,,
2024,03,1,02,7,G,02,2024_02_7,202880682,,Failed,https://www.inaturalist.org/observations/202880682,Birkebak,,Truffle,Tuber aestivum,Truffle Risotto,Giusto Sapore,Tuber,Just Ryt Foods,Italy,Not Provided,86706302266,140223,Dried,Food,N,Y,N,,
2024,03,2,22,3,C,10,2024_22_3,202228271,Garrett,Successful,https://www.inaturalist.org/observations/202228271,ookd,Pleurotus ostreatus,Oyster Mushrooms,Not Provided,Dried Gourmet Mix Mushrooms,The Wild Mushroom Co.,Pleurotus,Bordda SA,Multiple Given,Not Provided,759033116270,Unknown,Dried,Food,Y,Y,N,"Poland, Serbia, Romania, Montenegro, Macedonia, Bulgaria, Chile, Peru, Bosnia, Hungary",PV501046
2024,03,1,02,8,H,02,2024_02_8,202882618,Kevin,Failed,https://www.inaturalist.org/observations/202882618,Birkebak,,Chanterelle,Not Provided,Chanterelle,Shrooms,Cantharellus,"Goodness Gardens, Inc",Bulgaria,Not Provided,819981012502,RS22322,Dried,Food,Y,N,N,,
2024,03,1,03,1,A,03,2024_03_1,202883721,,Failed,https://www.inaturalist.org/observations/202883721,Birkebak,,Morel,Not Provided,Morel,Shrooms,Morchella,"Psychedlic Foods, LLC",USA,Not Provided,819981012533,RS23175,Dried,Food,Y,N,N,,
2024,03,2,23,6,F,11,2024_23_6,202232179,Garrett,Successful,https://www.inaturalist.org/observations/202232179,hills47448,Pleurotus ostreatus,Organic Dried Oyster Mushrooms,Not Provided,Mushroom Medley,FungusAmongUs,Pleurotus,FungusAmongUs,Multiple Given,Not Provided,Unknown,Unknown,Dried,Food,Y,Y,N,"China, Serbia, South America, and USA",PV501056
2024,03,1,03,3,C,03,2024_03_3,202884754,Kevin,Failed,https://www.inaturalist.org/observations/202884754,Birkebak,,Trumpet,Not Provided,Tumpet,Shrooms,Craterellus,"Goodness Gardens, Inc",Bulgaria,Not Provided,819981012588,RSR22344,Dried,Food,Y,N,N,,
2024,03,1,03,4,D,03,2024_03_4,202885893,Kevin,Failed,https://www.inaturalist.org/observations/202885893,Birkebak,,Porcini,Not Provided,Chef Blend,Shrooms,Bolete,"Psychedlic Foods, LLC",USA,Not Provided,819981012601,RS23077,Dried,Food,Y,Y,N,,
2024,03,3,27,4,D,03,2024_27_4,202558998,Jessica,Successful,https://www.inaturalist.org/observations/202558998,lothlin,Pleurotus ostreatus,Oyster,Not Provided,Mushroom Medley,Melissa's,Pleurotus,"World Variety Produce, Inc.",France,Not Provided,045255152098,Unknown,Dried,Food,Y,Y,N,,PV501058
2024,03,1,04,5,E,04,2024_04_5,202889871,Kevin,Successful,https://www.inaturalist.org/observations/202889871,Birkebak,Pleurotus ostreatus,"""and Others""",Not Provided,Gourmet Mushroom Mix,Everything Mushrooms,Pleurotus,Everything Mushrooms,Not Provided,Not Provided,9212,Not Provided,Dried,Food,Y,N,N,,PV501000
2024,03,C,C1,3,,,03_C1_3,202885900,Garrett,Failed,https://www.inaturalist.org/observations/202885900,Birkebak,,Chanterelle,Not Provided,Chef Blend,Shrooms,Cantharellus,"Psychedlic Foods, LLC",USA,Not Provided,819981012601,RS23077,Dried,Food,Y,Y,N,,
2024,03,1,11,5,E,11,2024_11_5,203809279,Kevin,Successful,https://www.inaturalist.org/observations/203809279,pipsissewa,Pleurotus ostreatus,Oyster,Not Provided,Chef Blend,Shrooms,Pleurotus,"Psychedlic Foods, LLC",USA,Not Provided,819981012601,RS23007,Dried,Food,Y,Y,N,,PV501007
2024,03,1,04,1,A,04,2024_04_1,202887503,Kevin,Failed,https://www.inaturalist.org/observations/202887503,Birkebak,,Porcini,Not Provided,Porchini Mushrooms & Veggie Soup,Vegeta,Bolete,Podravka USA Inc,Croatia,Not Provided,8106046117014,L18L2L,Dried,Food,N,Y,N,,
2024,03,C,C1,5,,,03_C1_5,202889855,Garrett,Failed,https://www.inaturalist.org/observations/202889855,Birkebak,,Chanterelle,Cantharellus cibarius,Chanterelle Mushrooms,Everything Mushrooms,Cantharellus,Everything Mushrooms,Not Provided,Not Provided,5098,Not Provided,Dried,Food,Y,N,N,,
2024,03,2,23,7,G,11,2024_23_7,202232197,Garrett,Successful,https://www.inaturalist.org/observations/202232197,hills47448,Pleurotus sapidus,Organic Dried Oyster Mushrooms,Not Provided,Mushroom Medley,FungusAmongUs,Pleurotus,FungusAmongUs,Multiple Given,Not Provided,Unknown,Unknown,Dried,Food,Y,Y,N,"China, Serbia, South America, and USA",PV501036
2024,03,2,21,5,E,09,2024_21_5,201987794,Kevin,Successful,https://www.inaturalist.org/observations/201987794,kev317,Pleurotus sp. (hybrid),Oyster Mushrooms,Not Provided,Oyster Mushrooms,Market District,Pleurotus,Market District,USA,Not Provided,NA,NA,Fresh,Food,Y,N,N,,PV500997
2024,03,C,C1,6,,,03_C1_6,202889865,Garrett,Failed,https://www.inaturalist.org/observations/202889865,Birkebak,,Chanterelle,Not Provided,Gourmet Mushroom Mix,Everything Mushrooms,Cantharellus,Everything Mushrooms,Not Provided,Not Provided,9212,Not Provided,Dried,Food,Y,N,N,,
2024,03,1,04,4,D,04,2024_04_4,202889867,Kevin,Failed,https://www.inaturalist.org/observations/202889867,Birkebak,,Porcini,Not Provided,Gourmet Mushroom Mix,Everything Mushrooms,Bolete,Everything Mushrooms,Not Provided,Not Provided,9212,Not Provided,Dried,Food,Y,N,N,,
2024,03,2,20,2,B,08,2024_20_2,201996867,Kevin,Successful,https://www.inaturalist.org/observations/201996867,kev317,Suillus granulatus,Slippery Jack,Not Provided,Slippery Jack,Lesne Skarby,Suillus,Monolith Baltic SIA,EU,Not Provided,5905643057563,148/23,Dried,Food,Y,N,N,,PV501010
2024,03,1,04,6,F,04,2024_04_6,202889873,Kevin,Failed,https://www.inaturalist.org/observations/202889873,Birkebak,,Others,Not Provided,Gourmet Mushroom Mix,Everything Mushrooms,Auricularia,Everything Mushrooms,Not Provided,Not Provided,9212,Not Provided,Dried,Food,Y,N,N,,
2024,03,1,04,7,G,04,2024_04_7,202891939,Kevin,Failed,https://www.inaturalist.org/observations/202891939,Birkebak,,Porcini,Not Provided,Hearty Vegetable Soup with Porcini Mushrooms and Buckwheat,Podravka,Bolete,Podravka,Croatia,Not Provided,3856020218850,L17F2L,Dried,Food,N,Y,Y,,
2024,03,C,C1,7,,,03_C1_7,202893080,Garrett,Failed,https://www.inaturalist.org/observations/202893080,Birkebak,,Chanterelles,Not Provided,Dried Chanterelle (?),Tsar Berendey,Cantharellus,Natars NT Food Corp,Russia,Not Provided,4680000200837,Unknown,Dried,Food,Y,N,N,,
2024,03,3,25,7,G,01,2024_25_7,202862550,Garrett,Successful,https://www.inaturalist.org/observations/202862550,hills47448,Suillus luteus,Porcini Mushrooms,Not Provided,Porchini Mushrooms,World Foods Market,Bolete,World Foods Market,Not Provided,Not Provided,0200000203993,Unknown,Dried,Food,Y,N,N,,PV501054
2024,03,1,05,1,A,05,2024_05_1,202895311,Kevin,Failed,https://www.inaturalist.org/observations/202895311,Birkebak,,Maslyata,Not Provided,Marinated Mushrooms,Unknown,Suillus,Royal Sweet Bakery,Russia,Not Provided,Not Provided,Not Provided,Canned/Pickled/Brined,Food,Y,N,N,,
2024,03,1,05,2,B,05,2024_05_2,202896516,Kevin,Failed,https://www.inaturalist.org/observations/202896516,Birkebak,,Gruzdi,Not Provided,Canned Mushrooms Salted Gruzdi,Tsar Berendey,Lactarius,Natars NT Food Corp,Russia,Not Provided,4680000201261,Not Provided,Canned/Pickled/Brined,Food,Y,N,N,,
2024,03,1,05,3,C,05,2024_05_3,202897031,Kurt,Failed,https://www.inaturalist.org/observations/202897031,Birkebak,,White Mushroom,Not Provided,Ceps Salty,Unknown,Bolete,Krasniy Octyabr INC,Russia,Not Provided,4631165279619,190623,Canned/Pickled/Brined,Food,Y,N,N,,
2024,03,1,05,4,D,05,2024_05_4,202898788,Kevin,Failed,https://www.inaturalist.org/observations/202898788,Birkebak,,Mushroom,Armillaria mellea,Ryzhiki,Unknown,Bolete,Zenith Foods LLC,Ukraine,Not Provided,4820020875206,20.02.2025,Canned/Pickled/Brined,Food,Y,N,N,,
2024,03,1,05,5,E,05,2024_05_5,202899589,Kevin,Failed,https://www.inaturalist.org/observations/202899589,Birkebak,,Honey Mushroom,Not Provided,Pickled Honey Mishrooms,Unknown,Armillaria,Krasniy Octyabr INC,Russia,Not Provided,4680000170055,29.03.23,Canned/Pickled/Brined,Food,Y,N,N,,
2024,03,1,05,6,F,05,2024_05_6,202899977,Kevin,Failed,https://www.inaturalist.org/observations/202899977,Birkebak,,Butter Mushroom,Suillus luteus,Maslyuki,Unknown,Suillus,Eximfood Inc.,Ukraine,Not Provided,Not Provided,11 1 0 8 2025,Canned/Pickled/Brined,Food,Y,N,N,,
2024,03,C,C2,2,,,03_C2_2,202907477,Garrett,Failed,https://www.inaturalist.org/observations/202907477,alexmerryman,,Wild Chanterelle Mushrooms,Not Provided,Chanterelle,Melissa's,Cantharellus,"World Variety Produce, Inc.",Multiple Given,Not Provided,045255143133,Unknown,Dried,Food,Y,N,Y,,
2024,03,2,16,6,F,04,2024_16_6,202910328,Kevin,Failed,https://www.inaturalist.org/observations/202910328,alexmerryman,,Wild Harvested Alaskan Chaga,Not Provided,Chaga Tea Bags,Denali Chaga,Inonotus,Denali Chaga,USA,Alaska,None,Unknown,Dried,Medicinal/Tea,Y,N,Y,,
2024,03,2,19,1,A,07,2024_19_1,202979931,Kurt,Failed,https://www.inaturalist.org/observations/202979931,andrewcannon,,Djon-Djon,Not Provided,Djon-Djon,Eury's Brand,Psathyrella,Eury's Market,Haiti,Not Provided,Unknown,Unknown,Dried,Food,Y,N,N,,
2024,03,2,17,4,D,05,2024_17_4,202980102,Harte,Failed,https://www.inaturalist.org/observations/202980102,andrewcannon,,Dried Poria cum radix pini?,Not Provided,Dried Poria cum radix pini,Pine Mark,Wolfiporia,Unknown,Not Provided,Not Provided,734765022617,Unknown,Dried,Medicinal/Tea,Y,N,N,,
2024,03,C,C2,4,,,03_C2_4,202980297,Garrett,Failed,https://www.inaturalist.org/observations/202980297,andrewcannon,,Yellow Chanterelle Mushroom,Not Provided,Dried Selected Mushrooms Mix,Unknown,Cantharellus,Cascada International Corp.,Europe,Not Provided,Unknown,Unknown,Dried,Food,Y,Y,N,,
2024,03,2,18,5,E,06,2024_18_5,203030489,,Failed,https://www.inaturalist.org/observations/203030489,andrewcannon,,Dried Morel Mushroom (Morchella conica),Morchella conica,Dried Morel Mushroom (Morchella conica),Marhaba,Morchella,Kalustyan's,Not Provided,Not Provided,120123000173,Unknown,Dried,Food,Y,N,N,,
2024,03,2,18,4,D,06,2024_18_4,203030588,Harte,Failed,https://www.inaturalist.org/observations/203030588,andrewcannon,,Djon-Djon Hatian Black Mushroom,Not Provided,Djon-Djon Hatian Black Mushroom,Marhaba,Psathyrella,Kalustyan's,Not Provided,Not Provided,060123006372,Unknown,Dried,Food,Y,N,N,,
2024,03,2,18,2,B,06,2024_18_2,203030809,Kurt,Failed,https://www.inaturalist.org/observations/203030809,andrewcannon,,Dried Wild Candy Cap Mushrooms,Not Provided,Dried Wild Candy Cap Mushrooms,Marhaba,Lactarius,Kalustyan's,Not Provided,Not Provided,120123000739,Unknown,Dried,Food,Y,N,N,,
2024,03,2,24,8,H,12,2024_24_8,203037990,Garrett,Failed,https://www.inaturalist.org/observations/203037990,hills47448,,White Truffle,Tuber magnatum,Gourmet White Truffle Salt,Gourmet Line,Tuber,Le Vie Del Tartufo S.R.L.,Italy,Not Provided,8050705531110,Unknown,Dried,Food,N,N,Y,,
2024,03,3,25,8,H,01,2024_25_8,202862605,Garrett,Successful,https://www.inaturalist.org/observations/202862605,hills47448,Suillus luteus,Porcini Mushrooms,Not Provided,Porchini Mushrooms,World Foods Market,Bolete,World Foods Market,Not Provided,Not Provided,0200000203993,Unknown,Dried,Food,Y,N,N,,PV501015
2024,03,2,19,2,B,07,2024_19_2,203047651,Garrett,Failed,https://www.inaturalist.org/observations/203047651,andrewcannon,,Agarikon Mushroom Powder,Fomitopsis officinalis,Agarikon Mushroom Powder (Fomitopsis officinalis),Marhaba,Laricifomes,Kalustyan's,Not Provided,Not Provided,120123000944,Unknown,Dried,Medicinal/Tea,Y,N,Y,,
2024,03,2,17,8,H,05,2024_17_8,203048271,Harte,Failed,https://www.inaturalist.org/observations/203048271,andrewcannon,Lentinula edodes,Cordyceps Powder (Cordyceps sinensis),Cordyceps sinensis,Cordyceps Powder (Cordyceps sinensis),Marhaba,Ophiocordyceps,Kalustyan's,Not Provided,Not Provided,1200123003191,Unknown,Dried,Medicinal/Tea,Y,N,Y,,
2024,03,2,17,6,F,05,2024_17_6,203049714,Harte,Failed,https://www.inaturalist.org/observations/203049714,andrewcannon,Hypomyces aff. chrysospermus,Dried Mushroom (Morchella),Morchella sp.,Dried Mushroom (Morchella),Japan Oata,Morchella,Tristar Food Wholesale Co Inc,China,Not Provided,6937218915762,Unknown,Dried,Food,Y,N,N,,
2024,03,3,26,2,B,02,2024_26_2,202862842,Garrett,Successful,https://www.inaturalist.org/observations/202862842,hills47448,Suillus luteus,Porcini Mushrooms,Not Provided,Porchini Mushrooms,World Foods Market,Bolete,World Foods Market,Not Provided,Not Provided,0200000203993,Unknown,Dried,Food,Y,N,N,,PV500999
2024,03,C,C2,3,,,03_C2_3,203051691,Garrett,Failed,https://www.inaturalist.org/observations/203051691,andrewcannon,,Black Chanterelle Mushroom,Not Provided,Dried Selected Mushrooms Mix,Unknown,Craterellus,Cascada International Corp.,Europe,Not Provided,Unknown,Unknown,Dried,Food,Y,Y,N,,
2024,03,2,18,8,H,06,2024_18_8,203056537,Garrett,Failed,https://www.inaturalist.org/observations/203056537,andrewcannon,Hypomyces,King Boletus,Not Provided,Porochini,Seweryn,Bolete,Unknown,Poland,Not Provided,5908254110108,Unknown,Dried,Food,Y,N,N,,
2024,03,2,18,1,A,06,2024_18_1,203057709,Harte,Failed,https://www.inaturalist.org/observations/203057709,andrewcannon,Hypsizygus marmoreus,Dried Bay Bolete,Boletus badius,Dried Bay Bolete,Lowell,Imleria,Lowell Intl Foods,Poland,Not Provided,617115021402,OP 199,Dried,Food,Y,N,N,,
2024,03,1,03,2,B,03,2024_03_2,202884133,Kevin,Successful,https://www.inaturalist.org/observations/202884133,Birkebak,Suillus luteus,Porcini,Not Provided,Porcini,Shrooms,Bolete,"Psychedlic Foods, LLC",China,Not Provided,819981012557,RS23358,Dried,Food,Y,N,N,,PV501009
2024,03,2,15,3,C,03,2024_15_3,201986815,Kevin,Successful,https://www.inaturalist.org/observations/201986815,verpahh,Tremella fuciformis,Unknown,Unknown,Dried Fungus,Wise Wife,Tremella,"SLR Food Distribution, Inc., USA",Unknown,Not Provided,Unknown,Unknown,Dried,Food,Y,N,N,,PV501052
2024,03,2,17,1,A,05,2024_17_1,203264161,Kevin,Failed,https://www.inaturalist.org/observations/203264161,potatolord_lordofpotatoes,,"Bunashimeji, Beech Mushroom",Not Provided,Bunashimeji,Hokto,Hypsizygus,Hokto Kinoko Company,USA,California,Unknown,Unknown,Fresh,Food,Y,N,N,,
2024,03,2,22,7,G,10,2024_22_7,202226985,Garrett,Successful,https://www.inaturalist.org/observations/202226985,johallar,Tremella fuciformis,Dried Tremella,Tremella,Dried Tremella,Wei-Chuan,Tremella,"Wei-Chuan U.S.A., Inc.",China,Not Provided,Unknown,Unknown,Dried,Food,Y,N,N,,PV501047
2024,03,2,22,2,B,10,2024_22_2,202227545,Garrett,Successful,https://www.inaturalist.org/observations/202227545,alexmerryman,Tremella fuciformis,Snow Fungus,Not Provided,Natural Dessert Mix,Nong Phu,Tremella,"L.A. Lucky Import & Export, Inc.",Unknown,Not Provided,8938508492916,Unknown,Dried,Food,N,Y,N,,PV501011
2024,03,1,11,4,D,11,2024_11_4,203612658,Andrew,Failed,https://www.inaturalist.org/observations/203612658,pipsissewa,,Porchini,Not Provided,Chef Blend,Shrooms,Bolete,"Psychedlic Foods, LLC",USA,Not Provided,819981012601,RS23007,Dried,Food,Y,Y,N,,
2024,03,C,C1,8,,,03_C1_8,203791708,Garrett,Failed,https://www.inaturalist.org/observations/203791708,pipsissewa,,Chanterelle,Not Provided,Chef Blend,Shrooms,Cantharellus,"Psychedlic Foods, LLC",USA,Not Provided,819981012601,RS23007,Dried,Food,Y,Y,N,,
2024,03,2,18,6,F,06,2024_18_6,203042870,Kevin,Successful,https://www.inaturalist.org/observations/203042870,andrewcannon,Tricholoma murrillianum,Matsutake Mushrooms,Not Provided,Matsutake Mushrooms,Marhaba,Tricholoma,Kalustyan's,Not Provided,Not Provided,120123000869,Unknown,Dried,Medicinal/Tea,Y,N,N,,PV501060
2024,03,1,05,7,G,05,2024_05_7,233800803,Kevin,Failed,https://www.inaturalist.org/observations/233800803,Birkebak,,Mixed Mushrooms,Not Provided,Marinated Mixed Mushrooms,Unknown,Volvariella,Not Provided,Not Provided,Not Provided,799471554135,2100/08283 1D,Canned/Pickled/Brined,Food,Y,N,N,,
2024,03,1,05,8,H,05,2024_05_8,233800804,Kurt,Failed,https://www.inaturalist.org/observations/233800804,Birkebak,,Mixed Mushrooms,Not Provided,Marinated Mixed Mushrooms,Unknown,Auricularia,Not Provided,Not Provided,Not Provided,799471554135,2100/08283 1D,Canned/Pickled/Brined,Food,Y,N,N,,
2024,03,2,20,1,A,08,2024_20_1,201998022,Kevin,Successful,https://www.inaturalist.org/observations/201998022,kev317,Volvariella volvacea,Straw Mushroom,Not Provided,Dried Straw Mushroom,Best Taste Brand,Volvariella,Panoco,Vietnam,Not Provided,8936076181102,Unknown,Dried,Food,Y,N,N,,PV501018